name,description
J.K. Rowling,"Best known for the ""Harry Potter"" series, Rowling's work has captivated millions worldwide with its magical narrative and themes of friendship, courage, and sacrifice."
Stephen King,"A master of horror and suspense, King has penned numerous bestsellers including ""The Shining,"" ""It,"" and ""Misery,"" earning him the title of the ""King of Horror."""
George R.R. Martin,"Renowned for his epic fantasy series ""A Song of Ice and Fire,"" which inspired the hit television show ""Game of Thrones,"" Martin is celebrated for his intricate world-building and complex characters."
J.R.R. Tolkien,"The father of modern fantasy literature, Tolkien's ""The Lord of the Rings"" trilogy has left an indelible mark on the genre, enchanting readers with its rich mythology and timeless themes."
Agatha Christie,"Dubbed the ""Queen of Mystery,"" Christie's detective novels, including ""Murder on the Orient Express"" and ""And Then There Were None,"" continue to enthrall audiences with their ingenious plots and memorable characters."
Haruki Murakami,"A leading figure in contemporary literature, Murakami's surreal and existential novels, such as ""Norwegian Wood"" and ""Kafka on the Shore,"" explore themes of loneliness, identity, and the human condition."
Margaret Atwood,"Known for her dystopian masterpiece ""The Handmaid's Tale,"" Atwood is a prolific author whose works often delve into issues of feminism, power, and societal control."
Toni Morrison,"A Nobel laureate and Pulitzer Prize-winning author, Morrison's novels, including ""Beloved"" and ""Song of Solomon,"" confront themes of race, identity, and the legacy of slavery in America."
Gabriel García Márquez,"A pioneer of magical realism, García Márquez's masterpiece ""One Hundred Years of Solitude"" is celebrated for its lush prose and exploration of Latin American history and culture."
Fyodor Dostoevsky,"A Russian literary giant, Dostoevsky's psychological depth and philosophical insights are showcased in classics such as ""Crime and Punishment"" and ""The Brothers Karamazov."""
Virginia Woolf,"An influential figure in modernist literature, Woolf's experimental narratives, including ""Mrs. Dalloway"" and ""To the Lighthouse,"" revolutionized the portrayal of consciousness and the inner lives of characters."
Leo Tolstoy,"Widely regarded as one of the greatest novelists of all time, Tolstoy's epic works such as ""War and Peace"" and ""Anna Karenina"" explore themes of love, morality, and the human condition."
Ernest Hemingway,"Known for his spare prose and understated style, Hemingway's novels and short stories, such as ""The Old Man and the Sea"" and ""A Farewell to Arms,"" capture the essence of courage, stoicism, and the human struggle."
Franz Kafka,"A literary visionary, Kafka's surreal and existential tales, including ""The Metamorphosis"" and ""The Trial,"" delve into themes of alienation, bureaucracy, and the absurdity of modern life."
Jane Austen,"Regarded as one of the finest novelists in the English language, Austen's comedies of manners, including ""Pride and Prejudice"" and ""Sense and Sensibility,"" offer keen insights into the social mores and romantic entanglements of the Georgian era."
Charles Dickens,"A towering figure in Victorian literature, Dickens' novels such as ""Great Expectations"" and ""A Tale of Two Cities"" vividly depict the social injustices and moral complexities of 19th-century England."
Mark Twain,"A quintessential American author, Twain's wit and satire are on full display in classics like ""The Adventures of Huckleberry Finn"" and ""The Adventures of Tom Sawyer,"" which continue to resonate with readers of all ages."
F. Scott Fitzgerald,"An iconic voice of the Jazz Age, Fitzgerald's ""The Great Gatsby"" remains a timeless exploration of the American Dream and the pursuit of wealth, love, and meaning."
Gabriel Garcia Marquez,"A Colombian novelist and Nobel laureate, Marquez is best known for his masterpiece ""One Hundred Years of Solitude,"" a defining work of magical realism that explores the history and culture of Latin America."
Kazuo Ishiguro,"A British novelist of Japanese descent, Ishiguro's novels, including ""The Remains of the Day"" and ""Never Let Me Go,"" are marked by their poignant exploration of memory, identity, and the passage of time."
Philip K. Dick,"A visionary writer of science fiction, Dick's mind-bending tales, such as ""Do Androids Dream of Electric Sheep?"" (adapted into the film ""Blade Runner"") and ""The Man in the High Castle,"" probe the nature of reality, identity, and the human condition."
Ray Bradbury,"An influential figure in speculative fiction, Bradbury's works, including ""Fahrenheit 451"" and ""The Martian Chronicles,"" are celebrated for their prophetic vision and exploration of societal issues."
Neil Gaiman,"A master of fantasy and dark whimsy, Gaiman's works, such as ""American Gods,"" ""Coraline,"" and ""The Sandman"" series, blend mythology, folklore, and modern sensibilities to create captivating and thought-provoking narratives."
Octavia E. Butler,"A trailblazing author in the realm of science fiction, Butler's novels, including ""Kindred"" and the ""Parable"" series, tackle themes of race, gender, power, and the human capacity for change and resilience."