fullname,mail,username,password,role
Oliver Miller,Oliver_Miller5978@6ijur.shop,MThVqDi1je6oA3Vv672l,nU8TsBHF4OJojKC,1
Norah Nurton,Norah_Nurton3260@yahoo.zone,Uxjmjj9AaaDjRPzljvV2,UNnp6d7UURFz0Zb,0
Valerie Beal,Valerie_Beal5303@d9un8.property,XQCDV73R8hxpZiEyzKkG,K4pFmopIUNt2yrN,0
Caydence Wright,Caydence_Wright2424@d9un8.page,tShXTVqYpR5wMRApyU8d,k6bqRv6vy51sUvF,1
Margaret Maxwell,Margaret_Maxwell1534@ptr6k.autos,nNxzNQaUs35DNDDdsusw,00FiY5kuaNcaMdC,1
Ramon Wood,Ramon_Wood6726@ohqqh.space,gJPUfG8Yz3hu1X9jDSqx,HOaSpq4faf1tBc6,1
Rosa Jeffery,Rosa_Jeffery5256@bqkv0.club,fXRu2rtfX02DO2X3xOdS,s6ozMc7UBytYaZE,1
Kaylee Hamilton,Kaylee_Hamilton4141@xqj6f.design,B55Zf55zx0RhI86w9o0i,tciZuZeiGenyyr2,1
Rowan Murray,Rowan_Murray8714@dbxli.name,TDwxByBVLZMD26Zvif6i,XgpGaWtTNctaFEc,1
Mara Miller,Mara_Miller8710@dvqq2.digital,1Dh5aMNUNbqJE1PTuTex,XqWpFrItqv7ydd3,1
Johnny Rowe,Johnny_Rowe5152@nb44i.store,8AILSV29pjOWNZpvjphL,q10tDenbd2pk7uU,1
Deborah Oliver,Deborah_Oliver8881@crzq7.website,LTeCxW9fcwfRFMOy6syG,KYHysbgx3oYdE5j,0
Alma Kennedy,Alma_Kennedy9433@iaart.biz,LfXU1UQR8WWQn1oO5Njw,LpTW0MmyXCMJn8m,0
Josephine Pond,Josephine_Pond3065@1kmd3.digital,VeP0Iz0WEPJB9Jh0WwEf,LAdprb45JNnpON2,0
Julianna Weston,Julianna_Weston5503@yafr7.pro,8soWy7SkClyNfVw03HPV,AjJq55M1mewwQF2,1
Juliette Simpson,Juliette_Simpson8685@1wa8o.center,IsqNr3nGmqayaxwH7haZ,i7a3ub8hyC6ZdIs,0
Margaret Willis,Margaret_Willis4173@hepmv.software,aBnH6DDOeXayroztocFK,SwcQ5FRkuAVSFmr,1
Ivette Callan,Ivette_Callan6664@jh02o.name,3Tdf3MYXAJ0JMMuACh1n,jXM0vdeeCItF740,0
Tyler Craig,Tyler_Craig6669@yahoo.directory,9kRFYFQvPHXhQUQiuEWg,Hmtar4U1ZuMSWZB,0
Gina Morley,Gina_Morley1256@ag5wi.software,PvPdGalnF7Or2LV3iTNW,11YdvZVe5FK0TyS,1
